{
    "completed": true,
    "epochs_done": 1,
    "total_epochs": 1,
    "best_loss": 0.3060469334117902,
    "elapsed_seconds": 7.3909759521484375e-06
  }